email,username,password,country,city,district,experience,no_experience,GPA,phone_number,BOD,gender,first_name,middle_name,last_name
kimberlyjohns@example.org,William Walker,3u@56Zjmjk,United Kingdom,South Jeffreyshire,Downtown,1,0,3.38,344-527-1919,"1946, 10, 08",M,John,Martinez,Fitzpatrick
maryramsey@example.org,Troy Kirk,#S7b7EBn$#,Singapore,Debraberg,West End,3,1,3.84,587-400-0162,"1917, 12, 12",F,Karen,Cain,Hoffman
elizabethsanchez@example.com,Victoria Gonzalez,V+i3QMPcg0,Gibraltar,New Erin,West End,11,1,3.42,320-858-6518x12872,"2006, 07, 12",M,Edgar,Harper,Schwartz
davidhoward@example.org,Dr. Jennifer Ramos,jv2g3vPzJ$,United Arab Emirates,East Julia,West End,16,0,2.93,721.549.4720,"1974, 07, 18",M,Megan,Patterson,Johnson
vthomas@example.net,Miss Sarah Kelly,0J^6nEpUyM,Maldives,Douglasville,Downtown,7,0,1.7,+1-634-568-2260x7156,"2011, 03, 14",M,Mary,Morrison,Wallace
kingcathy@example.com,Eric Mack,e_n2REtV*q,Trinidad and Tobago,Josephton,East Side,12,0,0.31,+1-329-848-3837x2911,"1936, 09, 15",M,John,Chambers,West
jeremiah45@example.com,Adrian Aguilar,yu!CXt3X(7,Guam,Lake Lisabury,Downtown,8,0,3.23,+1-532-628-6383,"1963, 09, 26",M,Thomas,Castillo,Phillips
thompsonjulian@example.com,Anne Flynn,1gCWa5oW$*,Honduras,Lake Jeremiahchester,East Side,5,1,1.39,001-691-941-3240,"1950, 12, 16",F,Stephanie,Gonzales,Tate
millermichael@example.com,Krystal Barnes,UmmxQ_R6&2,Barbados,Ortegaberg,Central,1,1,0.49,(919)505-0046,"2016, 11, 24",F,Maria,Barnes,Rivera
jacquelinereed@example.com,Michael Anderson,OHYP78Hk*G,Kenya,Khanfurt,Riverside,1,1,3.68,223.458.8880x4379,"2011, 05, 12",M,Manuel,Henderson,Contreras
sanchezjennifer@example.net,Taylor Bishop,_@pZ)JvK)5,Bahamas,Jamesburgh,Downtown,10,1,1.54,+1-575-894-7024x93543,"1925, 07, 23",F,Cynthia,Lamb,Ortiz
palmeremily@example.org,Jeremiah Barnes,(Ke8WIlLE7,Cayman Islands,Krystalshire,Central,6,0,0.71,742.480.3370,"2013, 03, 30",M,Bailey,Thomas,Butler
stephanie62@example.net,Thomas Zimmerman,!$W96Mhx66,Macao,Port Mariamouth,Central,14,1,2.74,5654760414,"1992, 07, 30",F,Kelly,Wheeler,Morales
kevin40@example.net,Crystal Chen,+I91Ajt%JG,Luxembourg,South Aliciamouth,Riverside,4,1,2.2,456-797-7817x230,"2001, 06, 07",M,Gary,Henderson,Harris
xnicholson@example.net,Cheryl Johnson,(@0EItenAP,Cambodia,West Matthewton,Riverside,7,0,3.25,883-359-4972x772,"1944, 12, 21",M,Christina,Holland,Nelson
isabel19@example.org,Ashley Li,9B#5ucFlhQ,Mauritius,Kristinaville,Downtown,15,0,3.19,(711)788-6454x3634,"1990, 08, 22",F,Cynthia,Edwards,Miller
eddienguyen@example.com,Evelyn Reeves,9$^XL54p+o,Mexico,West Patrick,Downtown,3,0,2.43,(798)357-3327x22689,"1929, 12, 08",M,Jeremiah,Walker,Wang
amandaortiz@example.com,Jessica Horn,^Fz5bmVkXv,Angola,Douglasfurt,West End,5,0,3.34,582-515-0516,"1957, 06, 08",M,Garrett,Deleon,Long
laurenjones@example.org,Nicole Thompson,z%5MKvKi!3,Hungary,West Loriland,Uptown,16,1,2.91,220-752-9608x4776,"1952, 08, 08",M,Michael,Fox,Robinson
katherineritter@example.com,Kristen Lawson,H5Dt)yht_4,American Samoa,North Amyville,Uptown,7,0,1.98,(999)888-4671x0724,"1910, 10, 20",F,Lynn,Schaefer,Dixon
david30@example.com,Isabella Jones,Wa^3OBfC5R,Italy,Alexischester,Central,7,0,3.08,881.877.7134x35565,"1942, 06, 10",F,Christopher,Duncan,Allen
joshuabaker@example.com,Jacob Ramirez,Gq4Uh%9bd#,Niger,Prattton,Downtown,13,0,0.88,001-206-246-4359x813,"1979, 10, 18",M,Daniel,Rogers,Alexander
richard39@example.com,Cindy Harris,QUS(+d9f*8,British Virgin Islands,Lake Kellyshire,Riverside,15,1,1.67,+1-407-735-4555x017,"1989, 09, 22",M,Adam,Stephens,Green
cookjody@example.org,Elizabeth Waters,+nSaO)AFk8,South Georgia and the South Sandwich Islands,North Joseph,East Side,3,0,2.4,331-411-1478x91197,"2015, 05, 29",M,David,Roman,Griffith
robinsonrobin@example.com,Sarah Vance,hWa%pIgP^7,Zambia,Hannahhaven,Central,2,1,1.37,558-296-2305x58626,"1947, 10, 10",M,Michael,Norman,Miller
portermary@example.net,Jeffery Arnold,v#87ZG3vBJ,Andorra,Walterfort,Central,10,1,0.32,001-917-856-2683x628,"1984, 07, 04",M,Laura,Buchanan,Crawford
llogan@example.com,Timothy Castillo,%DMW(0Zi@M,Singapore,South Kathleen,East Side,7,1,0.81,648-953-0377x7307,"1943, 04, 23",M,Melissa,Ellis,Gallagher
yolandagarcia@example.com,Paul Dean,@bPJLwO@01,Kuwait,North Tracyland,Downtown,10,1,1.25,317.596.8209x4887,"1995, 09, 26",F,Justin,Smith,Garza
scottleah@example.com,Matthew Gibson,a0ZSpOw@^h,Namibia,Andrewfurt,Downtown,10,0,1.37,(534)600-6550,"1914, 10, 13",M,Leslie,Melton,Reed
daviscorey@example.org,Kathryn Jackson,7^$5LNQkU^,Vanuatu,Christinafort,Downtown,5,0,1.63,459.669.1470,"2021, 01, 21",M,Brenda,Pratt,Lynn
andrea55@example.net,Ralph Barnett,_JEbT1MV8v,Falkland Islands (Malvinas),Donnaberg,Downtown,4,0,1.13,228-214-7102,"1952, 04, 30",F,Robert,Riggs,Garcia
mollywebb@example.net,Stephanie Clements,!8&LvNEMd^,Swaziland,South Christophermouth,West End,7,0,3.54,+1-231-535-4233,"2015, 05, 11",F,Steven,Johnson,Walton
brittanyjones@example.org,Brenda James,^P_9X9zW9H,Guatemala,Nicholsonmouth,Downtown,3,1,3.02,412.223.6271,"1965, 07, 23",M,Rachel,Smith,Campbell
breanna83@example.org,Carrie Robertson,Am3BgJ4Wz$,Jersey,Claudiaton,East Side,2,0,2.99,001-801-621-5123x280,"2008, 12, 22",F,Michael,Carter,Sims
diana27@example.net,Kimberly Roberts,tXy8FBKg7#,Spain,South David,East Side,3,1,2.46,667-449-2372,"1934, 05, 19",F,Elizabeth,Cantu,Wood
jeffrey05@example.org,Morgan Perry,(3DqVSoi^e,Guam,West Stevenside,Downtown,12,1,0.58,236.713.3698,"1911, 02, 11",M,Christopher,Duran,Anderson
twright@example.net,Rebecca Martinez,rV(%i0So&D,Macao,Flemingborough,Downtown,14,0,2.91,599.789.8098,"1985, 08, 22",F,Tyler,Williams,Atkinson
rebecca37@example.net,Joshua Evans,b^1n9WwSZ6,United States Virgin Islands,Andersonland,Riverside,15,1,2.27,260.329.3997,"1924, 06, 08",F,Felicia,Alexander,Green
romerochristina@example.com,Paul Stanton MD,Noy#SlGs+6,Bahrain,New Crystal,East Side,2,1,1.16,773.650.1310,"1985, 08, 09",F,Sue,Mendez,Cochran
dawsonamanda@example.com,Olivia Stephens,K0RqNg%A$Y,Turkey,Barbarahaven,Downtown,16,1,2.62,+1-202-351-8384x024,"1916, 02, 04",F,Shawn,Smith,Williams
yjones@example.net,Kevin Wood,y4rHxZCL_x,Georgia,West Brian,West End,2,0,1.34,+1-243-571-2141x405,"1984, 01, 13",M,Lauren,Mccall,Williams
donnahicks@example.com,Stephanie Kennedy,$7PjoQLFY#,Tokelau,Collinsport,Riverside,12,0,0.85,926-808-8477x20310,"1936, 05, 03",M,Michael,Martin,Mcmahon
vbrown@example.net,Lynn Cross,6#4wBxGd!p,Cambodia,South Wendy,East Side,16,0,1.83,954.344.9323x214,"1991, 11, 12",F,James,Jones,Smith
karina56@example.com,Cesar Rivera,%9*b5XoK@k,Cape Verde,Johnsonchester,Central,3,0,3.77,469-631-4988x70251,"1914, 12, 18",M,Emma,Peterson,Shelton
webbsandra@example.net,Barry Perez,2JPGrvsX!3,Central African Republic,Millerchester,Downtown,8,1,0.58,958-334-7923x08002,"1995, 09, 09",M,Christopher,Jensen,Brown
franciscoprice@example.net,Timothy Webb,$cc*NQTzf7,Bosnia and Herzegovina,North Brittany,Downtown,5,1,0.91,001-638-598-3793x1160,"1951, 12, 03",M,Gilbert,Patrick,Ray
gmartin@example.net,Kimberly Foster,m8*3Ikmm7(,Botswana,Port Sandraside,East Side,2,0,2.41,917-647-1621x042,"1974, 07, 22",F,Ashley,Miller,Osborn
dale80@example.net,Christian Smith,^seb29Kzgd,Fiji,Charlesstad,Uptown,10,0,2.69,673.961.1369,"1975, 12, 01",F,Erica,Davis,Lynch
campbelljoseph@example.net,Deborah Forbes,L69dY+Hj)x,Turks and Caicos Islands,Bellton,Riverside,0,0,2.14,548.898.7036x32699,"1914, 06, 10",F,Carla,Munoz,Mcdonald
hbrown@example.com,Catherine Wyatt,)paL04WnO),Zimbabwe,Melissaton,Downtown,15,0,3.78,001-455-496-4755x6480,"1946, 05, 27",M,John,Black,Marshall
utucker@example.net,Marissa Richards,*D%)9AeV&f,Venezuela,Timothychester,West End,2,1,1.43,593.445.3562x231,"1987, 11, 26",F,Cathy,Harrell,Mcintosh
melinda06@example.org,Robin Russo,R&2CV@Mz$X,United States Virgin Islands,Elizabethstad,Downtown,16,0,0.49,809.412.2877,"1975, 10, 14",F,Michael,Carlson,Keller
nwilliams@example.com,Amy Beltran,^7CmqvrUG!,Argentina,Bradleychester,Riverside,11,0,3.73,+1-823-941-6526x3496,"1943, 03, 17",F,Mark,Carlson,Farmer
fwalker@example.org,Jason Gibson,+V1Uwi6mCq,Botswana,Wilkinsonport,Central,9,1,0.1,276-625-7060x3715,"1959, 10, 11",M,Lisa,Thomas,Neal
ortizstephen@example.com,Sandra Abbott,^%6SpXFqcc,Timor-Leste,East Stephanie,Uptown,5,0,3.91,271-695-8440,"2021, 07, 22",F,Jesse,Aguilar,Salas
dzavala@example.com,Jennifer Pacheco,*1A+xMu6Jl,Netherlands Antilles,Lake Davidton,Downtown,13,1,3.05,001-899-869-4183x4831,"1918, 08, 04",F,Ryan,Reynolds,Frye
james39@example.net,Dwayne Kane,$9FDSB!yt2,Georgia,Andrewland,Uptown,3,0,2.37,879.437.9446x0116,"1929, 12, 27",M,Julia,Barry,Wilson
tammylee@example.org,William Rivera,Ep)4Xx3HbG,Cape Verde,Steventon,Downtown,14,1,2.43,233-944-8558x33047,"1933, 03, 28",F,Michelle,Johnson,Martinez
shepardangelica@example.net,Steven Snyder,qD@FrDR(*1,Kazakhstan,Randolphberg,Riverside,14,0,0.83,(442)637-9160x7707,"1984, 06, 21",F,Pamela,Rivas,Ryan
ehawkins@example.org,Diana Collins,391IFfBz(7,Cambodia,Port William,Central,8,1,3.55,+1-425-354-3370x93281,"1944, 01, 15",M,Juan,Baker,Hall
patricksamantha@example.org,Ronald Dennis,!4pFoIQfys,Puerto Rico,West Billyview,Riverside,15,1,1.2,277-557-6452x532,"2002, 06, 09",F,Nancy,Scott,Gregory
williamsjonathon@example.com,Morgan Reid,dNtPu5lh*9,Monaco,East Melissa,Uptown,10,0,2.74,925.388.0576x315,"1993, 02, 07",F,Jonathan,Silva,Moore
frank05@example.com,Shirley Hale,sXi3jfDe$8,Cyprus,Lake Vickiborough,Riverside,11,1,1.68,(600)800-7601x052,"1930, 12, 21",M,Christopher,Mendez,Rowland
darrendean@example.org,Lydia Weiss,s9fOFLq^&l,Malawi,Russellchester,Downtown,6,1,0.76,285.707.3035x9017,"1953, 05, 01",F,Adam,Valdez,White
pmcmillan@example.org,Grace Mcbride,995T*xGh(2,Nauru,Joanntown,Downtown,5,1,3.13,(616)401-4338,"1976, 06, 10",F,Joshua,Lucas,Gonzalez
mgomez@example.net,Andrea Elliott,)5nS0L$dqy,San Marino,Port Jaimeton,East Side,1,0,3.8,789-463-4054x928,"1915, 01, 14",M,Natasha,Cox,Baldwin
autumn83@example.org,Bradley Jacobson,j4__EALe$g,Kyrgyz Republic,Harperland,Central,3,1,3.46,521-707-9968,"1919, 04, 23",M,Jeremy,Stafford,Young
tammyboyle@example.com,Jennifer Sanchez,R6WNc)w7$H,Portugal,Markland,Downtown,12,1,2.79,+1-706-685-7724,"1941, 05, 17",F,Anita,Carter,Rhodes
robertrichardson@example.org,Fernando Juarez,^vh#N#qY)6,British Indian Ocean Territory (Chagos Archipelago),Stuarttown,West End,12,1,0.93,(749)816-4353,"1950, 03, 05",M,Karen,Collier,Garcia
stephaniewilliams@example.org,Maria Hill,654DEywm^d,Lebanon,Davismouth,Downtown,14,1,0.23,887.208.4421,"1933, 03, 21",M,Robert,Sherman,Sexton
johnsondonald@example.org,Kimberly Hughes,(0mz6Bi^z1,Zimbabwe,West Lori,Riverside,0,1,0.02,001-825-845-8106x930,"1964, 04, 20",M,Cassandra,Hart,Hutchinson
harriscesar@example.com,Patricia Charles,O@63B1hnVg,Greece,Shelleychester,West End,9,0,3.84,+1-838-366-8828x1261,"1974, 04, 22",F,Terri,Clark,Freeman
mark62@example.net,Edwin Harrington,I8ACcpzf(),Vietnam,South Adam,Downtown,2,1,1.51,(916)985-0471x709,"1924, 01, 12",F,Daniel,Davis,Williamson
williamblair@example.com,Austin Mcclure,#M)IW_Xf+4,Colombia,West Erica,Central,2,1,0.1,3458595458,"1986, 10, 01",F,Alexandra,Jones,Palmer
adam95@example.com,Marissa Roach,T8l(&1Ip%d,Faroe Islands,Derrickborough,East Side,16,1,0.21,661.304.0186,"1910, 12, 05",F,Jeffrey,Ortiz,Liu
millerrebecca@example.net,Michael Larson,PY89lWl8w&,Nicaragua,East Danny,Uptown,14,1,1.89,396-956-9244x388,"1988, 07, 05",F,Nicholas,Mendoza,Hogan
mcdonaldrachel@example.com,Cody Perry,q7N(Fj2a!Q,Micronesia,South Julie,Central,1,0,1.85,971-408-3592x443,"1968, 01, 30",M,Megan,Perez,Myers
marvin85@example.net,Wesley Daniels,SqDJq&j*)8,Papua New Guinea,Kevinshire,Central,12,0,3.22,001-307-888-5695x501,"1982, 12, 26",M,Frank,Mccann,Johnson
stephensbrianna@example.com,Andrew Gomez,ChvQXN4r!9,Liberia,Fergusonstad,Uptown,13,1,2.6,001-209-581-0085x554,"1984, 02, 23",F,Brenda,Joseph,Elliott
steven08@example.com,Janet Taylor,+9iaUQYtyY,Bosnia and Herzegovina,Jonesshire,Central,13,0,0.94,+1-451-497-5643,"1999, 04, 10",M,Eric,Morgan,Nguyen
price@example.net,Sheila Bradford,+m3tVchJ5q,Tokelau,Johnbury,Central,1,0,3.37,+1-260-365-4525x998,"1998, 03, 26",F,Jillian,Pitts,Pena
michelle53@example.net,Kristin Dixon,&Z4LGfYzid,Malta,North Heather,West End,16,1,1.17,344.478.5792x08812,"2015, 05, 12",M,Stephanie,Jackson,Ferguson
annjones@example.com,Brenda Rivera,B@%0AO0zdf,Greece,Drakeview,Central,12,0,2.36,(257)588-5772x43173,"2022, 03, 23",F,David,Cochran,Roberts
ocaldwell@example.org,Dr. Kevin Johnston,wiQNzxF)$4,Guyana,Port Brianside,West End,10,1,0.52,924-568-9474,"1924, 01, 03",F,Roberta,Patel,Ballard
garciarobin@example.org,Scott Clark PhD,uaAERh@k!3,Cook Islands,Brettville,Uptown,6,0,2.64,(506)432-2366,"1933, 04, 08",M,Morgan,Mason,Villanueva
lvincent@example.com,James Pineda,!m6VLfJkV%,Japan,Kellifurt,Central,15,0,0.46,+1-718-238-1472x398,"1955, 07, 16",M,Noah,Alvarez,Smith
hmitchell@example.org,Matthew Jackson,hC_G$5Tyd6,Japan,Parkerburgh,Riverside,0,0,0.95,001-551-233-4412x11664,"1994, 08, 30",F,Angela,Robertson,Duncan
stephen38@example.org,Jessica Ford,^nb0qJSm++,Latvia,Michaelstad,Downtown,4,1,2.65,670.986.3297,"1913, 04, 12",M,Carly,Morris,Wilson
vcoleman@example.net,Gary Anderson,Ay5KZAts!U,Turks and Caicos Islands,Port Emily,Riverside,11,0,3.12,6665054579,"2007, 06, 28",M,Frederick,Morales,Newton
dturner@example.org,Cheryl Larson,vlv$)8Gzp&,Qatar,Nancychester,Riverside,6,1,2.6,+1-621-874-1730x3242,"1932, 02, 28",M,William,Bartlett,Castillo
stephensaimee@example.com,Mark Jackson,V&5Cy@qc1I,Reunion,North Johnchester,Central,13,0,0.16,+1-811-733-4557x0015,"1914, 04, 09",M,Angela,Cox,Chen
riveraann@example.org,Connor Barton,_qJ%7wGmtA,Lesotho,New Jessica,Downtown,6,1,1.0,+1-323-425-5058x2259,"2015, 09, 18",F,Carl,Jones,Collins
kristen08@example.com,Kari Lane,Q^4X5hy&XC,Kuwait,Lake William,Riverside,3,1,1.67,+1-842-288-0005x298,"1984, 01, 31",M,Chelsea,Rose,Solomon
ledwards@example.com,Christina Hood,p0PDqIXk*e,Greece,Oliverton,East Side,3,0,0.57,001-764-413-2192x8029,"1941, 09, 02",M,Lindsey,Shannon,Chambers
rachelmercado@example.com,Lisa Townsend,p!3J@hRlVH,Solomon Islands,Port Terri,Central,3,0,1.16,001-262-486-1178,"1908, 09, 09",M,Manuel,Rowland,Owens
freemanvincent@example.com,Daniel White,_h0r&HqgBJ,Saudi Arabia,Robertsonton,Uptown,4,1,3.76,829-403-2716x899,"1918, 06, 21",M,Jessica,Lam,Sheppard
ijensen@example.net,Sherry Duarte,n8&2R$Fp6^,Greenland,New Christopher,Central,13,1,1.26,269.459.1024,"1940, 08, 26",M,Heather,Duarte,Adams
chapmanjessica@example.org,Carrie Adams,x3gVHdWc)s,Oman,Amyport,Riverside,2,1,3.11,+1-621-783-8785,"1979, 04, 06",F,Paul,Whitehead,Hubbard
burnschristina@example.com,Kevin Quinn,TfKrggRY@9,Cote d'Ivoire,Abigailfort,West End,1,1,0.21,+1-866-770-9526x5666,"2016, 07, 28",M,Troy,Sherman,Michael
npeters@example.com,Kevin Jones,_d0OJUf!^Z,Luxembourg,Veronicaview,West End,0,0,0.05,001-996-601-0464x99263,"1945, 04, 16",F,Spencer,Christensen,Jensen
